average_rating_per_movie.item_id,average_rating_per_movie.title,average_rating_per_movie.average_rating
7,Twelve Monkeys (1995),5.0
1160,Love! Valour! Compassion! (1997),5.0
22,Braveheart (1995),5.0
8,Babe (1995),5.0
10,Richard III (1995),5.0
11,Seven (Se7en) (1995),5.0
12,"""Usual Suspects",5.0
1198,Purple Noon (1960),5.0
48,Hoop Dreams (1994),5.0
1097,"""Hate (Haine",5.0
45,Eat Drink Man Woman (1994),5.0
55,"""Professional",5.0
53,Natural Born Killers (1994),5.0
25,"""Birdcage",5.0
50,Star Wars (1977),5.0
28,Apollo 13 (1995),5.0
30,Belle de jour (1967),5.0
34,"""Doom Generation",5.0
42,Clerks (1994),5.0
44,Dolores Claiborne (1994),5.0
