high_rating_recommendations.user_id,high_rating_recommendations.item_id,high_rating_recommendations.rating,high_rating_recommendations.title
0,7,5.0,Twelve Monkeys (1995)
0,22,5.0,Braveheart (1995)
0,45,5.0,Eat Drink Man Woman (1994)
0,58,5.0,Quiz Show (1994)
0,60,5.0,Three Colors: Blue (1993)
0,98,5.0,"""Silence of the Lambs"
0,121,5.0,Independence Day (ID4) (1996)
0,157,5.0,Platoon (1986)
0,525,5.0,"""Big Sleep"
0,651,5.0,Glory (1989)
1,22,5.0,Braveheart (1995)
1,100,5.0,Fargo (1996)
1,102,5.0,"""Aristocats"
1,124,5.0,Lone Star (1996)
1,191,5.0,Amadeus (1984)
1,195,5.0,"""Terminator"
1,588,5.0,Beauty and the Beast (1991)
1,611,5.0,Laura (1944)
1,655,5.0,Stand by Me (1986)
1,661,5.0,High Noon (1952)
2,7,5.0,Twelve Monkeys (1995)
2,11,5.0,Seven (Se7en) (1995)
2,14,5.0,"""Postino"
2,22,5.0,Braveheart (1995)
2,55,5.0,"""Professional"
2,56,5.0,Pulp Fiction (1994)
2,98,5.0,"""Silence of the Lambs"
2,125,5.0,Phenomenon (1996)
2,523,5.0,Cool Hand Luke (1967)
2,525,5.0,"""Big Sleep"
3,8,5.0,Babe (1995)
3,12,5.0,"""Usual Suspects"
3,25,5.0,"""Birdcage"
3,30,5.0,Belle de jour (1967)
3,523,5.0,Cool Hand Luke (1967)
3,525,5.0,"""Big Sleep"
3,529,5.0,My Life as a Dog (Mitt liv som hund) (1985)
3,530,5.0,"""Man Who Would Be King"
3,945,5.0,Charade (1963)
3,1198,5.0,Purple Noon (1960)
4,12,5.0,"""Usual Suspects"
4,14,5.0,"""Postino"
4,25,5.0,"""Birdcage"
4,30,5.0,Belle de jour (1967)
4,48,5.0,Hoop Dreams (1994)
4,56,5.0,Pulp Fiction (1994)
4,523,5.0,Cool Hand Luke (1967)
4,525,5.0,"""Big Sleep"
4,530,5.0,"""Man Who Would Be King"
4,1198,5.0,Purple Noon (1960)
5,60,5.0,Three Colors: Blue (1993)
5,64,5.0,"""Shawshank Redemption"
5,114,5.0,Wallace & Gromit: The Best of Aardman Animation (1996)
5,127,5.0,"""Godfather"
5,174,5.0,Raiders of the Lost Ark (1981)
5,175,5.0,Brazil (1985)
5,525,5.0,"""Big Sleep"
5,529,5.0,My Life as a Dog (Mitt liv som hund) (1985)
5,1047,5.0,Multiplicity (1996)
5,1149,5.0,Walkabout (1971)
6,45,5.0,Eat Drink Man Woman (1994)
6,50,5.0,Star Wars (1977)
6,100,5.0,Fargo (1996)
6,173,5.0,"""Princess Bride"
6,174,5.0,Raiders of the Lost Ark (1981)
6,181,5.0,Return of the Jedi (1983)
6,530,5.0,"""Man Who Would Be King"
6,660,5.0,Fried Green Tomatoes (1991)
6,1084,5.0,Anne Frank Remembered (1995)
6,1097,5.0,"""Hate (Haine"
7,14,5.0,"""Postino"
7,64,5.0,"""Shawshank Redemption"
7,98,5.0,"""Silence of the Lambs"
7,100,5.0,Fargo (1996)
7,124,5.0,Lone Star (1996)
7,128,5.0,Supercop (1992)
7,523,5.0,Cool Hand Luke (1967)
7,525,5.0,"""Big Sleep"
7,611,5.0,Laura (1944)
7,1030,5.0,"""Beverly Hillbillies"
8,8,5.0,Babe (1995)
8,55,5.0,"""Professional"
8,56,5.0,Pulp Fiction (1994)
8,60,5.0,Three Colors: Blue (1993)
8,64,5.0,"""Shawshank Redemption"
8,100,5.0,Fargo (1996)
8,430,5.0,Duck Soup (1933)
8,525,5.0,"""Big Sleep"
8,530,5.0,"""Man Who Would Be King"
8,611,5.0,Laura (1944)
9,12,5.0,"""Usual Suspects"
9,22,5.0,Braveheart (1995)
9,48,5.0,Hoop Dreams (1994)
9,53,5.0,Natural Born Killers (1994)
9,86,5.0,"""Remains of the Day"
9,96,5.0,Terminator 2: Judgment Day (1991)
9,100,5.0,Fargo (1996)
9,514,5.0,Annie Hall (1977)
9,588,5.0,Beauty and the Beast (1991)
9,1047,5.0,Multiplicity (1996)
